epoch,time,train/box_loss,train/cls_loss,train/dfl_loss,metrics/precision(B),metrics/recall(B),metrics/mAP50(B),metrics/mAP50-95(B),val/box_loss,val/cls_loss,val/dfl_loss,lr/pg0,lr/pg1,lr/pg2
1,18.2733,2.36333,3.1594,1.78773,0.48875,0.49595,0.38567,0.20246,1.51994,2.7217,1.23641,0.00022,0.00022,0.00022
2,32.9626,1.42343,1.10259,1.18802,0.10157,0.6523,0.10552,0.05376,nan,nan,nan,0.000447772,0.000447772,0.000447772
3,45.9185,1.39584,1.07376,1.18112,0.09111,0.51111,0.089,0.05011,1.45435,inf,1.19646,0.000673268,0.000673268,0.000673268
4,59.4361,1.38193,0.98663,1.16049,0,0,0,0,4.69966,inf,24.7583,0.000896486,0.000896486,0.000896486
5,72.0802,1.41657,0.99005,1.17029,0.10381,0.23662,0.0926,0.04502,2.83576,8.99902,2.05536,0.0009802,0.0009802,0.0009802
6,84.6611,1.37783,0.9699,1.16194,0.41297,0.20984,0.19544,0.09613,2.41925,2.30591,1.55674,0.00097525,0.00097525,0.00097525
7,96.5744,1.37502,0.98353,1.15718,0.32442,0.27569,0.19782,0.11569,2.06743,inf,1.733,0.0009703,0.0009703,0.0009703
8,109.015,1.34899,0.96557,1.14732,0.34292,0.61023,0.39772,0.18089,1.75294,2.42751,1.34295,0.00096535,0.00096535,0.00096535
9,121.712,1.33721,0.93448,1.14321,0.43874,0.61824,0.52654,0.27889,1.4844,1.15581,1.17516,0.0009604,0.0009604,0.0009604
10,135.806,1.34454,0.92183,1.14462,0.4936,0.54704,0.52325,0.29361,1.36449,0.9489,1.13458,0.00095545,0.00095545,0.00095545
11,149.133,1.34191,0.91161,1.1499,0.49199,0.67359,0.55018,0.25005,1.79915,1.10345,1.34413,0.0009505,0.0009505,0.0009505
12,161.397,1.3288,0.91153,1.14253,0.52803,0.68393,0.5933,0.33442,1.38653,0.94613,1.14,0.00094555,0.00094555,0.00094555
13,174.629,1.34841,0.9071,1.14279,0.45403,0.658,0.53775,0.29166,1.49073,1.02819,1.1651,0.0009406,0.0009406,0.0009406
14,187.046,1.30529,0.88411,1.12777,0.57006,0.66302,0.61025,0.32741,1.4779,0.91563,1.1587,0.00093565,0.00093565,0.00093565
15,199.61,1.33479,0.88255,1.14534,0.54737,0.71037,0.61911,0.30902,1.76746,0.91118,1.2993,0.0009307,0.0009307,0.0009307
16,212.329,1.30259,0.86559,1.12052,0.60519,0.64781,0.60982,0.36069,1.30457,0.84346,1.09407,0.00092575,0.00092575,0.00092575
17,226.582,1.27229,0.84135,1.10495,0.62385,0.56883,0.60353,0.35327,1.30448,0.81147,1.09691,0.0009208,0.0009208,0.0009208
18,239.062,1.3107,0.84917,1.13281,0.56417,0.69317,0.6343,0.34891,1.42991,0.82518,1.14784,0.00091585,0.00091585,0.00091585
19,251.925,1.31751,0.86706,1.13199,0.62139,0.64704,0.63754,0.3642,1.37957,0.89056,1.13235,0.0009109,0.0009109,0.0009109
20,265.394,1.29379,0.86813,1.12428,0.58311,0.64825,0.61125,0.33817,1.39889,0.86695,1.13127,0.00090595,0.00090595,0.00090595
21,277.946,1.27638,0.83579,1.10983,0.59761,0.65695,0.64302,0.36355,1.36926,0.79041,1.11685,0.000901,0.000901,0.000901
22,290.485,1.28705,0.84331,1.12106,0.54299,0.63866,0.5809,0.34277,1.30905,0.80583,1.09997,0.00089605,0.00089605,0.00089605
23,303.453,1.28499,0.8358,1.11866,0.60433,0.60616,0.6011,0.34538,1.37588,0.87831,1.11938,0.0008911,0.0008911,0.0008911
24,316.044,1.26061,0.81823,1.11019,0.59908,0.65084,0.62731,0.35229,1.37228,0.82129,1.12091,0.00088615,0.00088615,0.00088615
25,328.105,1.25368,0.8144,1.09936,0.60309,0.63076,0.64038,0.32998,1.56365,0.81054,1.1932,0.0008812,0.0008812,0.0008812
26,340.687,1.25533,0.80401,1.10136,0.63317,0.59716,0.62563,0.36222,1.29618,0.81758,1.08812,0.00087625,0.00087625,0.00087625
27,354.058,1.25805,0.83051,1.1067,0.6431,0.63568,0.64606,0.38629,1.28235,0.77871,1.08332,0.0008713,0.0008713,0.0008713
28,367.604,1.2426,0.80276,1.10419,0.53486,0.70629,0.63239,0.37767,1.32225,0.77644,1.09848,0.00086635,0.00086635,0.00086635
29,379.715,1.2517,0.79985,1.11135,0.63298,0.63763,0.62122,0.36073,1.32005,0.79417,1.09284,0.0008614,0.0008614,0.0008614
30,392.55,1.24343,0.80392,1.10337,0.57005,0.71908,0.6469,0.37334,1.31557,0.80889,1.09383,0.00085645,0.00085645,0.00085645
31,405.074,1.26987,0.79316,1.11563,0.60338,0.58589,0.61727,0.36373,1.27963,0.78342,1.08226,0.0008515,0.0008515,0.0008515
32,417.184,1.26221,0.79159,1.10373,0.60231,0.69372,0.6689,0.39335,1.27555,0.76358,1.08249,0.00084655,0.00084655,0.00084655
33,430.315,1.23446,0.77877,1.09161,0.62282,0.6388,0.6368,0.35773,1.41355,0.7644,1.13014,0.0008416,0.0008416,0.0008416
34,443.024,1.2358,0.77894,1.10098,0.59389,0.67722,0.63479,0.37616,1.2682,0.76651,1.08281,0.00083665,0.00083665,0.00083665
35,455.365,1.24601,0.77554,1.09893,0.62477,0.633,0.63615,0.36767,1.33538,0.79602,1.10298,0.0008317,0.0008317,0.0008317
36,467.619,1.22948,0.76955,1.09376,0.61911,0.67997,0.65586,0.38653,1.27969,0.81777,1.08525,0.00082675,0.00082675,0.00082675
37,480.257,1.22191,0.75987,1.08033,0.56517,0.72147,0.63023,0.37083,1.31411,0.80133,1.0953,0.0008218,0.0008218,0.0008218
38,492.933,1.21627,0.78074,1.09574,0.58384,0.69111,0.65593,0.38448,1.29479,0.7578,1.09074,0.00081685,0.00081685,0.00081685
39,505.207,1.24308,0.77095,1.09688,0.59425,0.69589,0.66625,0.38771,1.34232,0.78126,1.1009,0.0008119,0.0008119,0.0008119
40,517.995,1.25406,0.77833,1.10257,0.65437,0.65537,0.67055,0.38058,1.42186,0.7993,1.13103,0.00080695,0.00080695,0.00080695
41,530.651,1.22788,0.74132,1.08615,0.65712,0.68456,0.6884,0.40588,1.31371,0.7355,1.09829,0.000802,0.000802,0.000802
42,544.782,1.18569,0.7305,1.06904,0.67355,0.61338,0.64369,0.38386,1.26376,0.75377,1.08098,0.00079705,0.00079705,0.00079705
43,557.201,1.21052,0.76136,1.08292,0.63173,0.67734,0.66892,0.40091,1.26842,0.72811,1.07846,0.0007921,0.0007921,0.0007921
44,569.962,1.21548,0.75468,1.08644,0.633,0.66917,0.65884,0.38563,1.3097,0.75487,1.09649,0.00078715,0.00078715,0.00078715
45,582.428,1.23393,0.74829,1.0963,0.64063,0.67555,0.65733,0.39684,1.29642,0.77298,1.08597,0.0007822,0.0007822,0.0007822
46,594.839,1.20642,0.74233,1.08446,0.65917,0.63278,0.66612,0.39748,1.26088,0.7395,1.07615,0.00077725,0.00077725,0.00077725
47,607.186,1.20619,0.74144,1.08487,0.62798,0.712,0.69471,0.4212,1.27514,0.76277,1.0804,0.0007723,0.0007723,0.0007723
48,621.334,1.19689,0.73399,1.08113,0.7513,0.67704,0.70154,0.40888,1.28016,0.72003,1.08611,0.00076735,0.00076735,0.00076735
49,634.459,1.1948,0.72778,1.08233,0.63442,0.70821,0.68954,0.40845,1.31616,0.7636,1.09143,0.0007624,0.0007624,0.0007624
50,646.899,1.20108,0.72177,1.07348,0.72995,0.6434,0.66676,0.40344,1.26724,0.77496,1.07709,0.00075745,0.00075745,0.00075745
51,659.186,1.21015,0.75176,1.08502,0.61153,0.68973,0.66191,0.40735,1.25811,0.73495,1.08022,0.0007525,0.0007525,0.0007525
52,671.52,1.19033,0.72953,1.07968,0.67444,0.64488,0.65232,0.37986,1.30708,0.76419,1.08753,0.00074755,0.00074755,0.00074755
53,684.618,1.19476,0.7517,1.07461,0.63783,0.72438,0.6791,0.40259,1.33285,0.76037,1.09746,0.0007426,0.0007426,0.0007426
54,697.631,1.20371,0.73689,1.08287,0.61839,0.74336,0.695,0.41505,1.28966,0.7321,1.08785,0.00073765,0.00073765,0.00073765
55,710.201,1.18339,0.71937,1.07597,0.63775,0.72144,0.69053,0.42134,1.26564,0.72541,1.08152,0.0007327,0.0007327,0.0007327
56,722.57,1.19477,0.72503,1.07934,0.64037,0.70704,0.69607,0.41318,1.30482,0.7351,1.08929,0.00072775,0.00072775,0.00072775
57,735.258,1.203,0.71506,1.0762,0.69552,0.66891,0.68986,0.41927,1.24469,0.72156,1.07078,0.0007228,0.0007228,0.0007228
58,747.874,1.1824,0.70926,1.06801,0.71739,0.70492,0.72206,0.43016,1.26349,0.7047,1.08089,0.00071785,0.00071785,0.00071785
59,761.659,1.18424,0.70648,1.06682,0.68286,0.72553,0.7223,0.43301,1.25834,0.75386,1.07669,0.0007129,0.0007129,0.0007129
60,775.231,1.15828,0.70221,1.06268,0.63734,0.71151,0.696,0.41268,1.26741,0.72484,1.08012,0.00070795,0.00070795,0.00070795
61,787.524,1.18489,0.70046,1.07823,0.73303,0.68985,0.73613,0.43194,1.28847,0.73582,1.08843,0.000703,0.000703,0.000703
62,801.502,1.19696,0.70009,1.0905,0.6749,0.71906,0.71131,0.42292,1.27782,0.74169,1.0872,0.00069805,0.00069805,0.00069805
63,814.101,1.18097,0.70548,1.07024,0.68323,0.68802,0.70404,0.41993,1.27874,0.75401,1.08633,0.0006931,0.0006931,0.0006931
64,826.991,1.17868,0.70595,1.06778,0.6386,0.71998,0.68939,0.41138,1.34276,0.72929,1.10461,0.00068815,0.00068815,0.00068815
65,839.834,1.15526,0.6901,1.06236,0.65707,0.69088,0.68726,0.42169,1.27376,0.74747,1.08175,0.0006832,0.0006832,0.0006832
66,852.757,1.16168,0.66624,1.06508,0.65514,0.75173,0.70925,0.42602,1.26038,0.74616,1.07511,0.00067825,0.00067825,0.00067825
67,866.14,1.16061,0.68022,1.06032,0.70911,0.68955,0.70449,0.42437,1.27352,0.7307,1.08241,0.0006733,0.0006733,0.0006733
68,879.009,1.15816,0.68103,1.06363,0.68883,0.68358,0.7033,0.42885,1.25483,0.70662,1.07335,0.00066835,0.00066835,0.00066835
69,891.327,1.15836,0.67942,1.06118,0.64023,0.77793,0.72259,0.42602,1.33015,0.74612,1.09889,0.0006634,0.0006634,0.0006634
70,903.678,1.14763,0.6666,1.06061,0.6993,0.70898,0.73369,0.44304,1.30719,0.71773,1.08432,0.00065845,0.00065845,0.00065845
71,918.124,1.16349,0.68193,1.06429,0.65484,0.72855,0.69001,0.41778,1.29615,0.78508,1.0829,0.0006535,0.0006535,0.0006535
72,931.439,1.1564,0.67428,1.06233,0.70084,0.69284,0.70747,0.42726,1.28502,0.72744,1.0833,0.00064855,0.00064855,0.00064855
73,944.24,1.15355,0.66533,1.06158,0.67352,0.73269,0.74709,0.44426,1.34817,0.73909,1.10478,0.0006436,0.0006436,0.0006436
74,958.794,1.15298,0.65518,1.05135,0.63175,0.73717,0.71565,0.42141,1.27931,0.74414,1.08225,0.00063865,0.00063865,0.00063865
75,971.178,1.15335,0.67352,1.06452,0.65375,0.72169,0.71454,0.4296,1.28004,0.75984,1.08095,0.0006337,0.0006337,0.0006337
76,983.637,1.1308,0.66683,1.05467,0.72823,0.6682,0.73623,0.43859,1.28297,0.72923,1.07944,0.00062875,0.00062875,0.00062875
77,996.052,1.12344,0.65104,1.04596,0.67767,0.74169,0.73258,0.44208,1.26652,0.69343,1.07443,0.0006238,0.0006238,0.0006238
78,1008.37,1.12581,0.642,1.04795,0.72741,0.67241,0.73589,0.43931,1.28962,0.70963,1.08844,0.00061885,0.00061885,0.00061885
79,1021.39,1.12364,0.64803,1.04852,0.70834,0.74694,0.75645,0.44589,1.29482,0.70707,1.09182,0.0006139,0.0006139,0.0006139
80,1035.45,1.13254,0.64991,1.05371,0.67458,0.72056,0.71539,0.41838,1.2918,0.7268,1.0956,0.00060895,0.00060895,0.00060895
81,1048.64,1.15105,0.65107,1.04985,0.67858,0.7203,0.70384,0.42178,1.26438,0.72409,1.07763,0.000604,0.000604,0.000604
82,1061.33,1.11675,0.64156,1.04234,0.71767,0.70421,0.72581,0.42917,1.27233,0.70666,1.07525,0.00059905,0.00059905,0.00059905
83,1074.13,1.09824,0.62582,1.03941,0.70473,0.7031,0.73262,0.43193,1.28753,0.75298,1.08838,0.0005941,0.0005941,0.0005941
84,1086.53,1.1273,0.65155,1.04338,0.73327,0.68261,0.73729,0.44066,1.27447,0.71299,1.07428,0.00058915,0.00058915,0.00058915
85,1099.04,1.13505,0.64082,1.04831,0.73721,0.68936,0.72434,0.42817,1.30103,0.76732,1.08786,0.0005842,0.0005842,0.0005842
86,1111.66,1.10625,0.61795,1.03364,0.6018,0.78332,0.70751,0.41981,1.26734,0.73836,1.07473,0.00057925,0.00057925,0.00057925
87,1124.28,1.11016,0.64202,1.03769,0.65551,0.71053,0.72018,0.42893,1.26148,0.72713,1.0765,0.0005743,0.0005743,0.0005743
88,1137.2,1.10376,0.6273,1.03316,0.66282,0.75145,0.74338,0.43521,1.30519,0.74409,1.09099,0.00056935,0.00056935,0.00056935
89,1149.77,1.08783,0.63052,1.02087,0.65477,0.72283,0.72152,0.42755,1.28872,0.75343,1.08652,0.0005644,0.0005644,0.0005644
90,1163.19,1.11933,0.62103,1.04784,0.73132,0.69767,0.7509,0.45215,1.252,0.73377,1.07537,0.00055945,0.00055945,0.00055945
91,1177.1,1.11864,0.62016,1.04228,0.71797,0.73058,0.73856,0.44105,1.26655,0.74473,1.07327,0.0005545,0.0005545,0.0005545
92,1190.01,1.09851,0.60916,1.03181,0.66158,0.75552,0.72716,0.43476,1.30962,0.73522,1.09357,0.00054955,0.00054955,0.00054955
93,1202.52,1.105,0.60931,1.03658,0.74529,0.70971,0.74304,0.43083,1.36007,0.73495,1.11255,0.0005446,0.0005446,0.0005446
94,1215.2,1.09134,0.61172,1.03083,0.70201,0.76067,0.7432,0.4491,1.26687,0.7081,1.08023,0.00053965,0.00053965,0.00053965
95,1228.27,1.07402,0.59809,1.02773,0.70992,0.731,0.73722,0.44209,1.25985,0.72658,1.07136,0.0005347,0.0005347,0.0005347
96,1241.03,1.07404,0.59467,1.02748,0.72104,0.71678,0.76292,0.46194,1.26942,0.69532,1.07348,0.00052975,0.00052975,0.00052975
97,1255.82,1.08969,0.60601,1.02568,0.72756,0.76679,0.76038,0.44458,1.30412,0.70538,1.0904,0.0005248,0.0005248,0.0005248
98,1269.09,1.08473,0.59862,1.02711,0.71474,0.7577,0.71899,0.43509,1.26258,0.7302,1.07077,0.00051985,0.00051985,0.00051985
99,1281.54,1.09271,0.60264,1.02576,0.70746,0.72411,0.71996,0.43322,1.25205,0.71279,1.07709,0.0005149,0.0005149,0.0005149
100,1294.8,1.07272,0.5936,1.02187,0.69081,0.72125,0.72074,0.44373,1.26831,0.71601,1.07127,0.00050995,0.00050995,0.00050995
101,1307.17,1.07777,0.58896,1.02559,0.68946,0.70869,0.72034,0.43771,1.2625,0.71769,1.07133,0.000505,0.000505,0.000505
102,1319.75,1.06377,0.59853,1.0114,0.68448,0.7346,0.71163,0.42963,1.2486,0.72321,1.07495,0.00050005,0.00050005,0.00050005
103,1332.26,1.07015,0.59391,1.02613,0.6758,0.74068,0.72656,0.44931,1.26722,0.70999,1.0762,0.0004951,0.0004951,0.0004951
104,1345.05,1.07686,0.58321,1.02743,0.72378,0.72785,0.73278,0.43675,1.35473,0.70967,1.10435,0.00049015,0.00049015,0.00049015
105,1358.03,1.06047,0.58609,1.01801,0.72823,0.72986,0.73632,0.44773,1.23476,0.70234,1.06391,0.0004852,0.0004852,0.0004852
106,1370.94,1.06161,0.57776,1.01503,0.70679,0.75623,0.73932,0.45179,1.25726,0.69864,1.07658,0.00048025,0.00048025,0.00048025
107,1383.67,1.05938,0.56921,1.02325,0.64454,0.74655,0.71688,0.43855,1.26983,0.70357,1.07692,0.0004753,0.0004753,0.0004753
108,1396.38,1.04295,0.57667,1.01164,0.68,0.73627,0.72891,0.43131,1.30026,0.7426,1.08723,0.00047035,0.00047035,0.00047035
109,1409.46,1.04908,0.58631,1.00706,0.68582,0.77476,0.76051,0.45507,1.25556,0.71814,1.07925,0.0004654,0.0004654,0.0004654
110,1423.1,1.05833,0.57939,1.02524,0.68714,0.75565,0.7382,0.4435,1.28476,0.73926,1.0879,0.00046045,0.00046045,0.00046045
111,1435.69,1.05138,0.57187,1.01273,0.67433,0.79963,0.77577,0.46284,1.27341,0.71991,1.07499,0.0004555,0.0004555,0.0004555
112,1450.2,1.04186,0.56639,1.01171,0.72766,0.72679,0.75592,0.45106,1.26102,0.70078,1.07536,0.00045055,0.00045055,0.00045055
113,1462.61,1.04353,0.5683,1.01347,0.75489,0.73184,0.76183,0.45345,1.26561,0.70527,1.0756,0.0004456,0.0004456,0.0004456
114,1475.62,1.05299,0.58472,1.01322,0.73057,0.71061,0.73285,0.43718,1.26206,0.72064,1.07297,0.00044065,0.00044065,0.00044065
115,1487.99,1.03719,0.56179,1.01276,0.76081,0.6875,0.75511,0.45032,1.27497,0.70863,1.08009,0.0004357,0.0004357,0.0004357
116,1501.2,1.03906,0.56103,1.00422,0.72547,0.72972,0.74876,0.45582,1.25645,0.708,1.07275,0.00043075,0.00043075,0.00043075
117,1513.84,1.04037,0.57083,1.0095,0.72953,0.78169,0.75663,0.45832,1.25845,0.69804,1.06645,0.0004258,0.0004258,0.0004258
118,1526.71,1.03259,0.56002,1.00318,0.75813,0.7485,0.75585,0.46557,1.24694,0.70626,1.06694,0.00042085,0.00042085,0.00042085
119,1541.13,1.00389,0.54285,0.99829,0.73554,0.75143,0.76974,0.46798,1.26779,0.70185,1.07938,0.0004159,0.0004159,0.0004159
120,1554.62,1.00683,0.54945,0.99171,0.763,0.71904,0.76056,0.45962,1.24713,0.70304,1.07492,0.00041095,0.00041095,0.00041095
121,1567.12,1.01153,0.54739,0.99596,0.7234,0.76483,0.76541,0.45982,1.2637,0.72002,1.07982,0.000406,0.000406,0.000406
122,1579.95,1.00879,0.54352,0.99869,0.75283,0.76977,0.78519,0.47219,1.29186,0.69373,1.08368,0.00040105,0.00040105,0.00040105
123,1593.65,1.0135,0.54339,0.99921,0.74273,0.73224,0.75331,0.4624,1.26347,0.69919,1.07374,0.0003961,0.0003961,0.0003961
124,1607.2,1.02084,0.55162,1.0037,0.71932,0.76718,0.75333,0.45466,1.24455,0.69455,1.07055,0.00039115,0.00039115,0.00039115
125,1620.07,1.00741,0.54084,1.00003,0.75287,0.78831,0.77332,0.46432,1.23611,0.69281,1.06714,0.0003862,0.0003862,0.0003862
126,1633.03,1.00036,0.53672,0.99394,0.77392,0.76031,0.75717,0.46379,1.24545,0.71631,1.06794,0.00038125,0.00038125,0.00038125
127,1645.93,0.99965,0.53652,0.99981,0.75361,0.75721,0.76854,0.46536,1.238,0.67983,1.06501,0.0003763,0.0003763,0.0003763
128,1658.56,1.00288,0.54809,0.9939,0.69234,0.74671,0.74424,0.46091,1.26124,0.67442,1.06469,0.00037135,0.00037135,0.00037135
129,1670.89,0.99432,0.53271,0.99322,0.79429,0.7223,0.78011,0.48072,1.26073,0.68842,1.08164,0.0003664,0.0003664,0.0003664
130,1684.33,1.00031,0.53805,0.99442,0.7771,0.7639,0.77882,0.49007,1.24081,0.67794,1.07571,0.00036145,0.00036145,0.00036145
131,1698.09,1.01943,0.54805,1.00286,0.74668,0.7672,0.77564,0.48391,1.26652,0.67437,1.0815,0.0003565,0.0003565,0.0003565
132,1710.6,1.01408,0.53166,0.99419,0.74508,0.7486,0.76353,0.47305,1.25619,0.66366,1.07281,0.00035155,0.00035155,0.00035155
133,1722.93,0.98155,0.52266,0.98046,0.74748,0.78567,0.79645,0.49194,1.23874,0.67208,1.0662,0.0003466,0.0003466,0.0003466
134,1735.98,0.97797,0.51542,0.98489,0.73062,0.78948,0.76279,0.46843,1.23288,0.68159,1.06776,0.00034165,0.00034165,0.00034165
135,1748.47,0.98555,0.52152,0.98767,0.72103,0.78222,0.77995,0.47817,1.22764,0.66622,1.0656,0.0003367,0.0003367,0.0003367
136,1761.29,0.97008,0.50942,0.97727,0.7553,0.75925,0.78117,0.48358,1.23332,0.65302,1.0636,0.00033175,0.00033175,0.00033175
137,1774.08,0.95818,0.50447,0.97555,0.79291,0.76677,0.79839,0.49447,1.24017,0.67037,1.07234,0.0003268,0.0003268,0.0003268
138,1788,0.95227,0.5136,0.97653,0.74571,0.74285,0.75846,0.46869,1.2347,0.67522,1.07131,0.00032185,0.00032185,0.00032185
139,1800.21,0.95915,0.50227,0.97744,0.76321,0.75128,0.78628,0.49352,1.23893,0.67413,1.07567,0.0003169,0.0003169,0.0003169
140,1813.31,0.96123,0.5003,0.97976,0.77796,0.7439,0.79178,0.48937,1.23246,0.67615,1.06967,0.00031195,0.00031195,0.00031195
141,1825.35,0.95501,0.50606,0.97437,0.78864,0.72305,0.76942,0.4883,1.24196,0.67445,1.07371,0.000307,0.000307,0.000307
142,1838.36,0.94124,0.4953,0.96923,0.73144,0.81871,0.77354,0.48893,1.22709,0.66771,1.06671,0.00030205,0.00030205,0.00030205
143,1851.22,0.93818,0.49386,0.97056,0.76652,0.78365,0.75659,0.46256,1.26482,0.74216,1.07674,0.0002971,0.0002971,0.0002971
144,1864.17,0.94482,0.50123,0.97696,0.8029,0.7536,0.78106,0.47991,1.22193,0.66969,1.06234,0.00029215,0.00029215,0.00029215
145,1877.08,0.94589,0.50299,0.97451,0.7337,0.7582,0.77715,0.49009,1.24136,0.65539,1.07182,0.0002872,0.0002872,0.0002872
146,1889.7,0.94454,0.5002,0.97201,0.74483,0.75807,0.78087,0.48731,1.24351,0.6566,1.07487,0.00028225,0.00028225,0.00028225
147,1902.28,0.94706,0.49355,0.97752,0.77755,0.74172,0.75958,0.47873,1.24128,0.69356,1.07876,0.0002773,0.0002773,0.0002773
148,1914.92,0.95637,0.50552,0.97586,0.76563,0.75675,0.77989,0.48395,1.25137,0.6741,1.08115,0.00027235,0.00027235,0.00027235
149,1927.81,0.94786,0.51485,0.98119,0.74868,0.79206,0.79627,0.49915,1.24138,0.65848,1.08146,0.0002674,0.0002674,0.0002674
150,1941.72,0.94037,0.50708,0.97008,0.77201,0.78981,0.80044,0.49948,1.23697,0.68756,1.07161,0.00026245,0.00026245,0.00026245
151,1955.83,0.93514,0.49145,0.9696,0.75181,0.76218,0.76675,0.47991,1.25341,0.68952,1.07975,0.0002575,0.0002575,0.0002575
152,1968.81,0.93158,0.4943,0.97063,0.77267,0.756,0.77444,0.48626,1.22857,0.6696,1.06999,0.00025255,0.00025255,0.00025255
153,1981.24,0.93005,0.48717,0.96079,0.78466,0.75169,0.79953,0.50019,1.23405,0.67587,1.07398,0.0002476,0.0002476,0.0002476
154,1996.08,0.92086,0.48378,0.96104,0.7785,0.81642,0.80244,0.50078,1.22129,0.66209,1.07044,0.00024265,0.00024265,0.00024265
155,2010.67,0.94382,0.49713,0.96998,0.76793,0.80625,0.79991,0.49339,1.25252,0.68016,1.08596,0.0002377,0.0002377,0.0002377
156,2023.44,0.9097,0.46935,0.95643,0.77,0.75453,0.79411,0.5083,1.21465,0.66525,1.06905,0.00023275,0.00023275,0.00023275
157,2037.05,0.90627,0.47844,0.95948,0.77124,0.77204,0.78331,0.49518,1.23276,0.6525,1.07535,0.0002278,0.0002278,0.0002278
158,2050.13,0.91082,0.47687,0.96222,0.75196,0.7716,0.76849,0.48826,1.22689,0.67843,1.07951,0.00022285,0.00022285,0.00022285
159,2063.01,0.91079,0.47539,0.96183,0.75457,0.75736,0.78642,0.49391,1.23391,0.67215,1.07782,0.0002179,0.0002179,0.0002179
160,2076.54,0.9179,0.49038,0.96501,0.79955,0.77062,0.80453,0.5004,1.22482,0.66844,1.07143,0.00021295,0.00021295,0.00021295
161,2088.86,0.91371,0.47968,0.95861,0.74115,0.78759,0.7899,0.50186,1.2414,0.67232,1.07846,0.000208,0.000208,0.000208
162,2101.57,0.88696,0.4605,0.95099,0.76945,0.76198,0.78369,0.50132,1.22842,0.66353,1.07415,0.00020305,0.00020305,0.00020305
163,2114.43,0.90653,0.4778,0.96052,0.77355,0.7333,0.77948,0.50162,1.22898,0.65131,1.07693,0.0001981,0.0001981,0.0001981
164,2127.15,0.88366,0.46093,0.94558,0.75712,0.78895,0.78956,0.49585,1.21419,0.66206,1.0768,0.00019315,0.00019315,0.00019315
165,2139.81,0.88619,0.4685,0.95118,0.72167,0.79393,0.77696,0.49936,1.21776,0.665,1.07553,0.0001882,0.0001882,0.0001882
166,2152.53,0.89498,0.47206,0.95764,0.76747,0.74455,0.77372,0.4954,1.22759,0.66181,1.07746,0.00018325,0.00018325,0.00018325
167,2165.32,0.88984,0.46085,0.95108,0.75679,0.77154,0.77836,0.49512,1.21872,0.66106,1.07392,0.0001783,0.0001783,0.0001783
168,2177.51,0.91078,0.4797,0.96096,0.76301,0.74774,0.7731,0.49508,1.2167,0.66287,1.07433,0.00017335,0.00017335,0.00017335
169,2189.83,0.88449,0.46133,0.95298,0.73356,0.7608,0.77584,0.49457,1.20704,0.67451,1.06729,0.0001684,0.0001684,0.0001684
170,2202.19,0.86066,0.43993,0.94761,0.75845,0.78145,0.78958,0.50272,1.21526,0.66869,1.06915,0.00016345,0.00016345,0.00016345
171,2214.64,0.88453,0.45865,0.95274,0.74348,0.8086,0.79424,0.51078,1.20713,0.65637,1.06762,0.0001585,0.0001585,0.0001585
172,2228.85,0.85931,0.44029,0.94499,0.73939,0.80127,0.78293,0.50203,1.21549,0.68124,1.07348,0.00015355,0.00015355,0.00015355
173,2241.45,0.88271,0.46632,0.949,0.8013,0.75734,0.79132,0.5079,1.21692,0.66964,1.06981,0.0001486,0.0001486,0.0001486
174,2254.16,0.87199,0.45656,0.94236,0.78023,0.81244,0.79724,0.51748,1.20779,0.66263,1.0697,0.00014365,0.00014365,0.00014365
175,2268.38,0.86121,0.44446,0.94512,0.78927,0.77944,0.80464,0.51355,1.21407,0.66281,1.07103,0.0001387,0.0001387,0.0001387
176,2280.91,0.87246,0.4542,0.94728,0.76464,0.79251,0.79088,0.5108,1.21467,0.65503,1.06913,0.00013375,0.00013375,0.00013375
177,2293.51,0.85718,0.45168,0.94122,0.76906,0.78222,0.80211,0.51861,1.21804,0.65829,1.07414,0.0001288,0.0001288,0.0001288
178,2307.13,0.86973,0.46097,0.94499,0.76426,0.78143,0.79778,0.5143,1.21836,0.65803,1.07508,0.00012385,0.00012385,0.00012385
179,2319.98,0.85611,0.45032,0.94407,0.75987,0.79236,0.7962,0.5089,1.21157,0.65332,1.07161,0.0001189,0.0001189,0.0001189
180,2333.29,0.87201,0.45447,0.94235,0.76114,0.80216,0.79748,0.51794,1.21032,0.65606,1.07407,0.00011395,0.00011395,0.00011395
181,2345.88,0.84823,0.44411,0.94074,0.73352,0.81064,0.79849,0.51768,1.2137,0.66589,1.07354,0.000109,0.000109,0.000109
182,2358.91,0.85905,0.45116,0.94637,0.7236,0.8367,0.8082,0.52213,1.22135,0.6718,1.07547,0.00010405,0.00010405,0.00010405
183,2372.84,0.85959,0.45533,0.94778,0.77462,0.77507,0.79779,0.51422,1.22758,0.65816,1.08368,9.91e-05,9.91e-05,9.91e-05
184,2385.5,0.84407,0.43983,0.93504,0.76579,0.79697,0.79586,0.51776,1.22235,0.6705,1.08058,9.415e-05,9.415e-05,9.415e-05
185,2398.23,0.8389,0.43562,0.9352,0.7404,0.79691,0.80157,0.51627,1.2237,0.6665,1.07458,8.92e-05,8.92e-05,8.92e-05
186,2410.65,0.84247,0.44379,0.93704,0.75944,0.77418,0.79087,0.50938,1.21516,0.67048,1.07096,8.425e-05,8.425e-05,8.425e-05
187,2424.17,0.82328,0.43386,0.931,0.73865,0.78933,0.78953,0.51077,1.21151,0.65946,1.07212,7.93e-05,7.93e-05,7.93e-05
188,2437.46,0.85098,0.44935,0.943,0.71339,0.81177,0.79191,0.51229,1.21539,0.65553,1.07616,7.435e-05,7.435e-05,7.435e-05
189,2450.34,0.83415,0.43991,0.93707,0.73614,0.81055,0.80154,0.51579,1.21085,0.65182,1.07399,6.94e-05,6.94e-05,6.94e-05
190,2463,0.83685,0.44004,0.93344,0.77395,0.75794,0.80498,0.51826,1.21267,0.65629,1.07423,6.445e-05,6.445e-05,6.445e-05
191,2518.19,0.74665,0.34903,0.90325,0.72579,0.83317,0.80201,0.51074,1.21301,0.65939,1.07691,5.95e-05,5.95e-05,5.95e-05
192,2531.02,0.73597,0.34776,0.90102,0.7105,0.81805,0.80051,0.5131,1.2087,0.66158,1.07633,5.455e-05,5.455e-05,5.455e-05
193,2543.36,0.73763,0.3456,0.89951,0.71059,0.83579,0.8053,0.5181,1.20807,0.66057,1.07657,4.96e-05,4.96e-05,4.96e-05
194,2555.82,0.73157,0.34306,0.89724,0.76547,0.78399,0.80337,0.51915,1.21114,0.65833,1.07899,4.465e-05,4.465e-05,4.465e-05
195,2567.88,0.73163,0.34125,0.89586,0.72397,0.82618,0.80818,0.52227,1.20914,0.65738,1.07721,3.97e-05,3.97e-05,3.97e-05
196,2581.48,0.74446,0.34855,0.90113,0.71424,0.81893,0.80099,0.52014,1.20903,0.66081,1.07715,3.475e-05,3.475e-05,3.475e-05
197,2594.04,0.73263,0.34259,0.8987,0.73466,0.79689,0.80175,0.51719,1.21036,0.66248,1.07763,2.98e-05,2.98e-05,2.98e-05
198,2607.07,0.72918,0.34162,0.89838,0.74577,0.79842,0.80266,0.51985,1.20668,0.6543,1.07599,2.485e-05,2.485e-05,2.485e-05
199,2619.16,0.71394,0.33251,0.8882,0.74472,0.79016,0.80244,0.5206,1.20856,0.65913,1.07573,1.99e-05,1.99e-05,1.99e-05
200,2631.71,0.7164,0.33717,0.89526,0.75317,0.77943,0.80591,0.52242,1.20839,0.65986,1.07733,1.495e-05,1.495e-05,1.495e-05
